{
"lengthUnit": "mil",
"components": {
	"fields": ["COMPONENT_NO", "COMPONENT_NAME", "LAYER", "X_COORDINATE", "Y_COORDINATE", "ANGLE"],
	"rows": [
		[1, "C126", "B", 456, 178, 0],
		[2, "C127", "B", 566, 178, 180],
		[3, "C128", "B", 456, -60, 0],
		[4, "C129", "B", 566, -60, 180],
		[5, "C150", "T", 144, -224, 270],
		[6, "C157", "T", 18, -62, 180],
		[7, "C190", "B", -660, 244, 180],
		[8, "C191", "B", -818, 240, 0],
		[9, "C192", "B", -640.57, 22, 180],
		[10, "C193", "B", -778, -16, 180],
		[11, "C194", "B", -552, 172, 0],
		[12, "C195", "B", -480, -140, 90],
		[13, "C196", "B", -400, -140, 90],
		[14, "C197", "B", -640, 136, 0],
		[15, "C198", "B", 420, -164, 90],
		[16, "C199", "B", 620, -164, 90],
		[17, "CN1", "T", -386, 0, 0],
		[18, "D1", "B", -422, 70, 90],
		[19, "L12", "B", -706, -168, 180],
		[20, "R1", "T", 16, 146, 180],
		[21, "R61", "T", -106, -54, 180],
		[22, "R62", "T", 138, -54, 0],
		[23, "R88", "B", -639.36, 172.24, 180],
		[24, "R89", "B", -640.57, 60, 180],
		[25, "R90", "B", -702, -16, 180],
		[26, "R91", "B", -552, 132, 0],
		[27, "R92", "B", -552, 92, 0],
		[28, "R93", "B", -552, 52, 0],
		[29, "R94", "B", -552, 14, 180],
		[30, "R101", "B", -640, 98, 180],
		[31, "R102", "B", 16, 146, 180],
		[32, "U1", "T", -16, -205, 270],
		[33, "U2", "T", 414, 2, 270],
		[34, "U33", "B", -788, 102, 180],
		[35, "U39", "B", 518, 56, 90],
		[36, "U208", "B", 778, 0, 270],
		[37, "U209", "B", 522, -154, 180],
		[38, "PAD1", "B", 15, -159, 0]
	]
},
"pins": {
	"fields": ["PIN_NO", "PIN_NAME", "PIN_X", "PIN_Y", "LAYER", "PIN_TYPE", "NET_NAME", "NET_TYPE", "PAD_SHAPE", "PAD_SIZEX", "PAD_SIZEY", "HOLE_SIZE", "PAD_ANGLE"],
	"rows": [
		[1, "C126_1", 428.44, 178, "B", "SMD", "GND", "GND", "R", 31.5, 35.43, 0, 0],
		[2, "C126_2", 483.56, 178, "B", "SMD", "VDD_5V_IN", "", "R", 31.5, 35.43, 0, 0],
		[3, "C127_1", 593.56, 178, "B", "SMD", "GND", "GND", "R", 31.5, 35.43, 0, 180],
		[4, "C127_2", 538.44, 178, "B", "SMD", "VDD_5V_IN", "", "R", 31.5, 35.43, 0, 180],
		[5, "C128_1", 428.44, -60, "B", "SMD", "GND", "GND", "R", 31.5, 35.43, 0, 0],
		[6, "C128_2", 483.56, -60, "B", "SMD", "MCU_3V3", "", "R", 31.5, 35.43, 0, 0],
		[7, "C129_1", 593.56, -60, "B", "SMD", "GND", "GND", "R", 31.5, 35.43, 0, 180],
		[8, "C129_2", 538.44, -60, "B", "SMD", "MCU_3V3", "", "R", 31.5, 35.43, 0, 180],
		[9, "C150_1", 144, -206.95, "T", "SMD", "GND", "GND", "R", 21.26, 21.26, 0, 270],
		[10, "C150_2", 144, -241.05, "T", "SMD", "MCU_3V3", "", "R", 21.26, 21.26, 0, 270],
		[11, "C157_1", 57.37, -62, "T", "SMD", "$1N824", "", "R", 27.56, 53.15, 0, 180],
		[12, "C157_2", -21.37, -62, "T", "SMD", "$1N825", "", "R", 27.56, 53.15, 0, 180],
		[13, "C190_1", -597.3, 244, "B", "SMD", "GND", "GND", "R", 31.5, 68.03, 0, 180],
		[14, "C190_2", -722.7, 244, "B", "SMD", "VM", "", "R", 31.5, 68.03, 0, 180],
		[15, "C191_1", -845.56, 240, "B", "SMD", "GND", "GND", "R", 23.62, 35.43, 0, 0],
		[16, "C191_2", -790.44, 240, "B", "SMD", "VM", "", "R", 23.62, 35.43, 0, 0],
		[17, "C192_1", -623.52, 22, "B", "SMD", "GND", "GND", "R", 21.26, 21.26, 0, 180],
		[18, "C192_2", -657.61, 22, "B", "SMD", "$1N3803", "", "R", 21.26, 21.26, 0, 180],
		[19, "C193_1", -760.95, -16, "B", "SMD", "$1N3807", "", "R", 21.26, 21.26, 0, 180],
		[20, "C193_2", -795.05, -16, "B", "SMD", "$1N3808", "", "R", 21.26, 21.26, 0, 180],
		[21, "C194_1", -569.05, 172, "B", "SMD", "$1N3809", "", "R", 21.26, 21.26, 0, 0],
		[22, "C194_2", -534.95, 172, "B", "SMD", "5V2", "", "R", 21.26, 21.26, 0, 0],
		[23, "C195_1", -480, -179.37, "B", "SMD", "GND", "GND", "R", 27.56, 53.15, 0, 90],
		[24, "C195_2", -480, -100.63, "B", "SMD", "5V2", "", "R", 27.56, 53.15, 0, 90],
		[25, "C196_1", -400, -179.37, "B", "SMD", "GND", "GND", "R", 27.56, 53.15, 0, 90],
		[26, "C196_2", -400, -100.63, "B", "SMD", "5V2", "", "R", 27.56, 53.15, 0, 90],
		[27, "C197_1", -657.05, 136, "B", "SMD", "$1N3815", "", "R", 21.26, 21.26, 0, 0],
		[28, "C197_2", -622.95, 136, "B", "SMD", "GND", "GND", "R", 21.26, 21.26, 0, 0],
		[29, "C198_1", 420, -181.05, "B", "SMD", "GND", "GND", "R", 21.26, 21.26, 0, 90],
		[30, "C198_2", 420, -146.95, "B", "SMD", "MCU_3V3", "", "R", 21.26, 21.26, 0, 90],
		[31, "C199_1", 620, -181.05, "B", "SMD", "GND", "GND", "R", 21.26, 21.26, 0, 90],
		[32, "C199_2", 620, -146.95, "B", "SMD", "MCU_3V3", "", "R", 21.26, 21.26, 0, 90],
		[33, "CN1_1", -267.89, -141.73, "T", "DIP", "GND", "GND", "C", 149.61, 149.61, 114.17, 90],
		[34, "CN1_1", -267.89, -141.73, "B", "DIP", "GND", "GND", "C", 149.61, 149.61, 114.17, 90],
		[35, "CN1_2", -267.89, 141.73, "T", "DIP", "VBAT", "", "C", 149.61, 149.61, 114.17, 90],
		[36, "CN1_2", -267.89, 141.73, "B", "DIP", "VBAT", "", "C", 149.61, 149.61, 114.17, 90],
		[37, "CN1_3", -504.11, 265.75, "T", "DIP", "GND", "GND", "O", 47.24, 86.61, 62.99, 90],
		[38, "CN1_3", -504.11, 265.75, "B", "DIP", "GND", "GND", "O", 47.24, 86.61, 62.99, 90],
		[39, "CN1_4", -504.11, -265.75, "T", "DIP", "GND", "GND", "O", 47.24, 86.61, 62.99, 90],
		[40, "CN1_4", -504.11, -265.75, "B", "DIP", "GND", "GND", "O", 47.24, 86.61, 62.99, 90],
		[41, "D1_1", -422.37, -20.7, "B", "SMD", "5V2", "", "R", 51.18, 63.78, 0, 90],
		[42, "D1_2", -421.63, 160.7, "B", "SMD", "VDD_5V_IN", "", "R", 51.18, 63.78, 0, 270],
		[43, "L12_1", -841.65, -168, "B", "SMD", "$1N3808", "", "R", 59.06, 142.52, 0, 180],
		[44, "L12_2", -570.33, -168, "B", "SMD", "5V2", "", "R", 59.06, 142.52, 0, 180],
		[45, "R1_1", 126.3, 146, "T", "SMD", "VM", "", "R", 98.42, 275.59, 0, 180],
		[46, "R1_2", -94.3, 146, "T", "SMD", "VBAT", "", "R", 98.42, 275.59, 0, 180],
		[47, "R61_1", -76.34, -54, "T", "SMD", "$1N825", "", "R", 31.5, 34.02, 0, 180],
		[48, "R61_2", -135.66, -54, "T", "SMD", "VBAT", "", "R", 31.5, 34.02, 0, 180],
		[49, "R62_1", 108.34, -54, "T", "SMD", "$1N824", "", "R", 31.5, 34.02, 0, 0],
		[50, "R62_2", 167.66, -54, "T", "SMD", "VM", "", "R", 31.5, 34.02, 0, 0],
		[51, "R88_1", -622.32, 172.24, "B", "SMD", "GND", "GND", "R", 21.26, 21.26, 0, 180],
		[52, "R88_2", -656.4, 172.24, "B", "SMD", "$1N3800", "", "R", 21.26, 21.26, 0, 180],
		[53, "R89_1", -623.53, 60, "B", "SMD", "$1N3803", "", "R", 21.26, 21.26, 0, 180],
		[54, "R89_2", -657.61, 60, "B", "SMD", "$1N3802", "", "R", 21.26, 21.26, 0, 180],
		[55, "R90_1", -684.96, -16, "B", "SMD", "$1N3806", "", "R", 21.26, 21.26, 0, 180],
		[56, "R90_2", -719.04, -16, "B", "SMD", "$1N3807", "", "R", 21.26, 21.26, 0, 180],
		[57, "R91_1", -569.04, 132, "B", "SMD", "$1N3808", "", "R", 21.26, 21.26, 0, 0],
		[58, "R91_2", -534.96, 132, "B", "SMD", "$1N3809", "", "R", 21.26, 21.26, 0, 0],
		[59, "R92_1", -569.04, 92, "B", "SMD", "$1N3811", "", "R", 21.26, 21.26, 0, 0],
		[60, "R92_2", -534.96, 92, "B", "SMD", "$1N3809", "", "R", 21.26, 21.26, 0, 0],
		[61, "R93_1", -569.04, 52, "B", "SMD", "$1N3811", "", "R", 21.26, 21.26, 0, 0],
		[62, "R93_2", -534.96, 52, "B", "SMD", "5V2", "", "R", 21.26, 21.26, 0, 0],
		[63, "R94_1", -534.96, 14, "B", "SMD", "GND", "GND", "R", 21.26, 21.26, 0, 180],
		[64, "R94_2", -569.04, 14, "B", "SMD", "$1N3811", "", "R", 21.26, 21.26, 0, 180],
		[65, "R101_1", -622.96, 98, "B", "SMD", "VM", "", "R", 21.26, 21.26, 0, 180],
		[66, "R101_2", -657.04, 98, "B", "SMD", "$1N3817", "", "R", 21.26, 21.26, 0, 180],
		[67, "R102_1", 126.3, 146, "B", "SMD", "VM", "", "R", 98.42, 275.59, 0, 180],
		[68, "R102_2", -94.3, 146, "B", "SMD", "VBAT", "", "R", 98.42, 275.59, 0, 180],
		[69, "U1_1", -108.52, -165.64, "T", "SMD", "GND", "GND", "R", 11.81, 39.37, 0, 270],
		[70, "U1_2", -108.52, -185.31, "T", "SMD", "GND", "GND", "R", 11.81, 39.37, 0, 270],
		[71, "U1_3", -108.52, -205, "T", "SMD", "U1_3", "", "R", 11.81, 39.37, 0, 270],
		[72, "U1_4", -108.52, -224.69, "T", "SMD", "SDA", "", "R", 11.81, 39.37, 0, 270],
		[73, "U1_5", -108.52, -244.38, "T", "SMD", "SCL", "", "R", 11.81, 39.37, 0, 270],
		[74, "U1_6", 76.52, -244.36, "T", "SMD", "MCU_3V3", "", "R", 11.81, 39.37, 0, 270],
		[75, "U1_7", 76.52, -224.69, "T", "SMD", "GND", "GND", "R", 11.81, 39.37, 0, 270],
		[76, "U1_8", 76.52, -205, "T", "SMD", "VM", "", "R", 11.81, 39.37, 0, 270],
		[77, "U1_9", 76.52, -185.31, "T", "SMD", "$1N824", "", "R", 11.81, 39.37, 0, 270],
		[78, "U1_10", 76.52, -165.63, "T", "SMD", "$1N825", "", "R", 11.81, 39.37, 0, 270],
		[79, "U2_1", 532.11, 267.75, "T", "DIP", "GND", "GND", "O", 86.61, 51.18, 59.06, 0],
		[80, "U2_1", 532.11, 267.75, "B", "DIP", "GND", "GND", "O", 86.61, 51.18, 59.06, 0],
		[81, "U2_2", 532.11, -263.75, "T", "DIP", "GND", "GND", "O", 86.61, 51.18, 59.06, 0],
		[82, "U2_2", 532.11, -263.75, "B", "DIP", "GND", "GND", "O", 86.61, 51.18, 59.06, 0],
		[83, "U2_3", 295.89, 143.73, "T", "DIP", "VM", "", "C", 149.61, 149.61, 110.24, 270],
		[84, "U2_3", 295.89, 143.73, "B", "DIP", "VM", "", "C", 149.61, 149.61, 110.24, 270],
		[85, "U2_4", 295.89, -139.73, "T", "DIP", "GND", "GND", "C", 149.61, 149.61, 110.24, 270],
		[86, "U2_4", 295.89, -139.73, "B", "DIP", "GND", "GND", "C", 149.61, 149.61, 110.24, 270],
		[87, "U33_1", -730.91, 151.21, "B", "SMD", "GND", "GND", "O", 29.92, 11.81, 0, 180],
		[88, "U33_2", -730.91, 131.53, "B", "SMD", "$1N3800", "", "O", 29.92, 11.81, 0, 180],
		[89, "U33_3", -730.91, 111.84, "B", "SMD", "$1N3811", "", "O", 29.92, 11.81, 0, 180],
		[90, "U33_4", -730.91, 92.16, "B", "SMD", "$1N3815", "", "O", 29.92, 11.81, 0, 180],
		[91, "U33_5", -730.91, 72.47, "B", "SMD", "$1N3817", "", "O", 29.92, 11.81, 0, 180],
		[92, "U33_6", -730.91, 52.79, "B", "SMD", "$1N3802", "", "O", 29.92, 11.81, 0, 180],
		[93, "U33_7", -758.47, 25.23, "B", "SMD", "$1N3806", "", "O", 29.92, 11.81, 0, 90],
		[94, "U33_8", -778.16, 25.23, "B", "SMD", "VM", "", "O", 29.92, 11.81, 0, 90],
		[95, "U33_9", -797.84, 25.23, "B", "SMD", "$1N3808", "", "O", 29.92, 11.81, 0, 90],
		[96, "U33_10", -817.53, 25.23, "B", "SMD", "$1N3808", "", "O", 29.92, 11.81, 0, 90],
		[97, "U33_11", -845.09, 52.79, "B", "SMD", "GND", "GND", "O", 29.92, 11.81, 0, 0],
		[98, "U33_12", -845.09, 72.47, "B", "SMD", "GND", "GND", "O", 29.92, 11.81, 0, 0],
		[99, "U33_13", -845.09, 92.16, "B", "SMD", "GND", "GND", "O", 29.92, 11.81, 0, 0],
		[100, "U33_14", -845.09, 111.84, "B", "SMD", "GND", "GND", "O", 29.92, 11.81, 0, 0],
		[101, "U33_15", -845.09, 131.53, "B", "SMD", "GND", "GND", "O", 29.92, 11.81, 0, 0],
		[102, "U33_16", -845.09, 151.21, "B", "SMD", "GND", "GND", "O", 29.92, 11.81, 0, 0],
		[103, "U33_17", -817.53, 178.77, "B", "SMD", "$1N3808", "", "O", 29.92, 11.81, 0, 270],
		[104, "U33_18", -797.84, 178.77, "B", "SMD", "$1N3808", "", "O", 29.92, 11.81, 0, 270],
		[105, "U33_19", -778.16, 178.77, "B", "SMD", "VM", "", "O", 29.92, 11.81, 0, 270],
		[106, "U33_20", -758.47, 178.77, "B", "SMD", "$1N3803", "", "O", 29.92, 11.81, 0, 270],
		[107, "U33_21", -770.28, 142.16, "B", "SMD", "VM", "", "R", 19.68, 15.75, 0, 180],
		[108, "U33_22", -770.28, 102, "B", "SMD", "VM", "", "R", 19.68, 15.75, 0, 180],
		[109, "U33_23", -770.28, 61.84, "B", "SMD", "VM", "", "R", 19.68, 15.75, 0, 180],
		[110, "U33_24", -805.72, 122.08, "B", "SMD", "$1N3808", "", "R", 19.68, 15.75, 0, 180],
		[111, "U33_25", -805.72, 81.92, "B", "SMD", "$1N3808", "", "R", 19.68, 15.75, 0, 180],
		[112, "U39_1", 480.6, 99.31, "B", "SMD", "VDD_5V_IN", "", "R", 23.62, 39.37, 0, 0],
		[113, "U39_2", 517.99, 99.31, "B", "SMD", "GND", "GND", "R", 23.62, 39.37, 0, 0],
		[114, "U39_3", 555.39, 99.31, "B", "SMD", "VDD_5V_IN", "", "R", 23.62, 39.37, 0, 0],
		[115, "U39_4", 555.4, 12.69, "B", "SMD", "U39_4", "", "R", 23.62, 39.37, 0, 0],
		[116, "U39_5", 480.6, 12.69, "B", "SMD", "MCU_3V3", "", "R", 23.62, 39.37, 0, 0],
		[117, "U208_1", 715.99, 123.03, "B", "SMD", "VDD_5V_IN", "", "R", 23.62, 66.93, 0, 270],
		[118, "U208_2", 715.99, 73.82, "B", "SMD", "VDD_5V_IN", "", "R", 23.62, 66.93, 0, 270],
		[119, "U208_3", 715.99, 24.62, "B", "SMD", "PMU_SDA", "", "R", 23.62, 66.93, 0, 270],
		[120, "U208_4", 715.99, -24.6, "B", "SMD", "PMU_SCL", "", "R", 23.62, 66.93, 0, 270],
		[121, "U208_5", 715.99, -73.83, "B", "SMD", "GND", "GND", "R", 23.62, 66.93, 0, 270],
		[122, "U208_6", 715.99, -123.03, "B", "SMD", "GND", "GND", "R", 23.62, 66.93, 0, 270],
		[123, "U208_7", 840.01, -195.87, "B", "SMD", "GND", "GND", "R", 39.37, 90.55, 0, 270],
		[124, "U208_8", 840.01, 195.87, "B", "SMD", "GND", "GND", "R", 39.37, 90.55, 0, 270],
		[125, "U209_1", 468.85, -183.53, "B", "SMD", "GND", "GND", "R", 27.56, 10.24, 0, 180],
		[126, "U209_2", 468.85, -163.84, "B", "SMD", "MCU_3V3", "", "R", 27.56, 10.24, 0, 180],
		[127, "U209_3", 468.85, -144.16, "B", "SMD", "SCL", "", "R", 27.56, 10.24, 0, 180],
		[128, "U209_4", 468.85, -124.47, "B", "SMD", "SDA", "", "R", 27.56, 10.24, 0, 180],
		[129, "U209_5", 575.15, -124.47, "B", "SMD", "PMU_SDA", "", "R", 27.56, 10.24, 0, 180],
		[130, "U209_6", 575.15, -144.16, "B", "SMD", "PMU_SCL", "", "R", 27.56, 10.24, 0, 180],
		[131, "U209_7", 575.15, -163.84, "B", "SMD", "MCU_3V3", "", "R", 27.56, 10.24, 0, 180],
		[132, "U209_8", 575.15, -183.53, "B", "SMD", "MCU_3V3", "", "R", 27.56, 10.24, 0, 180],
		[133, "PAD1_2", 15, -159, "B", "SMD", "GND", "GND", "R", 722, 258, 0, 0]
	]
}
}